,Price,ram_in_gb,ddr_version,gen_type,size_in_inches,SSD,HDD,processor_name_name_encoded,OS_name_encoded,disk_drive_name_encoded,touchscreen_name_encoded,company_name_encoded,graphic_card_name_encoded
0,3092180.0,4,4,10,11.6,512,0,1,3,3,0,12,0
1,3456180.0,4,4,10,11.6,512,0,1,3,3,0,12,0
2,7096180.0,8,4,10,15.6,512,0,1,3,3,0,2,0
3,8734180.0,8,4,0,15.6,1000,0,0,3,3,0,2,0
4,7096180.0,8,4,10,14.0,256,0,1,3,3,0,6,0
5,12010180.0,8,4,0,15.6,1000,0,0,3,3,0,2,1
6,14558180.0,8,4,10,13.3,512,0,1,2,3,0,1,0
7,17652180.0,16,5,10,15.6,256,0,1,3,3,0,9,1
8,10736180.0,16,4,10,15.6,256,0,1,3,3,0,2,0
9,6550180.0,8,4,0,14.0,512,0,0,3,3,0,13,0
10,6641180.0,8,4,10,14.0,512,0,1,3,3,0,6,0
11,14376180.0,8,5,0,14.0,512,0,0,3,3,0,9,1
12,7975058.0,8,4,10,15.6,512,0,1,3,3,0,6,0
13,7096180.0,8,4,10,15.6,512,0,1,3,3,0,6,0
14,5822180.0,8,4,0,15.6,512,0,0,3,3,0,8,0
15,14922180.0,16,5,0,15.6,512,0,0,3,3,0,9,1
16,6368180.0,8,4,0,15.6,0,1000,0,3,1,0,9,0
17,6186180.0,8,4,0,14.0,512,0,0,3,3,0,8,0
18,4347980.0,8,4,0,15.6,512,0,0,3,3,0,6,0
19,11828180.0,16,4,0,14.0,512,0,0,3,3,0,6,1
20,10918180.0,16,3,10,15.0,512,0,1,3,3,0,9,1
21,8003450.0,8,4,10,15.6,512,0,1,3,3,0,8,0
22,6004180.0,8,4,10,15.6,256,0,1,3,3,0,6,0
23,7279818.0,8,4,0,15.6,256,0,1,3,3,0,8,0
24,6186180.0,8,4,10,15.6,256,0,1,3,3,0,8,0
25,4366180.0,8,4,0,15.6,512,0,0,3,3,0,7,0
26,4911998.0,8,4,10,15.6,512,0,1,3,3,0,8,0
27,3092180.0,4,4,10,15.6,512,0,1,3,3,0,12,0
28,9098180.0,8,4,10,11.6,512,0,1,3,3,0,8,1
29,8157058.0,8,4,10,15.5,512,0,1,3,3,0,6,0
30,8916180.0,16,4,10,14.0,512,0,1,3,3,0,9,0
31,10008180.0,8,4,10,14.0,512,0,1,3,3,0,6,0
32,11100180.0,8,4,10,15.6,512,0,1,3,3,0,2,1
33,7096180.0,8,4,0,15.6,256,1000,1,3,0,0,6,0
34,7824180.0,16,4,0,15.6,256,0,0,3,3,0,2,0
35,9553180.0,8,4,10,15.6,512,0,1,3,3,0,6,0
36,11464180.0,16,4,0,15.6,512,0,0,3,3,0,9,1
37,4366180.0,4,4,10,15.6,512,0,1,3,3,0,2,0
38,9644180.0,8,4,10,14.0,512,0,1,3,3,0,6,0
39,3456180.0,4,4,10,14.0,512,0,1,3,3,0,12,0
40,12157600.0,16,4,0,11.6,512,0,0,3,3,0,6,0
41,9098180.0,16,4,10,14.0,512,0,1,3,3,0,6,0
42,13648180.0,16,4,10,15.6,512,0,1,3,3,0,2,0
43,10918180.0,16,4,10,14.0,512,0,1,3,3,0,6,0
44,7460180.0,8,4,10,14.0,512,0,1,3,3,0,6,0
45,7278180.0,8,5,0,15.6,512,0,0,3,3,0,2,0
46,7096180.0,8,4,0,15.6,512,0,0,3,3,0,4,0
47,7279818.0,8,4,0,0.0,512,0,0,3,3,0,8,0
48,10008180.0,16,4,0,15.6,512,0,0,3,3,0,13,0
49,10372180.0,8,4,10,14.0,512,0,1,3,3,0,2,0
50,13466180.0,16,4,10,14.0,512,0,1,3,3,0,2,0
51,3092180.0,4,4,10,15.6,512,0,1,3,3,0,12,0
52,11828180.0,16,4,10,11.6,512,0,1,3,3,0,6,1
53,10554180.0,16,4,10,15.0,256,0,1,3,3,0,6,0
54,8916180.0,16,4,0,14.0,512,0,0,3,3,0,6,0
55,10008180.0,8,4,10,14.0,512,0,1,3,3,0,6,0
56,7278180.0,8,4,10,15.6,1000,0,1,3,3,0,6,0
57,22748180.0,16,5,10,15.6,256,0,1,3,3,0,0,1
58,6186180.0,8,4,0,16.0,512,0,0,3,3,0,8,0
59,9553180.0,8,4,10,14.0,512,0,1,3,3,0,6,0
60,16014180.0,16,4,10,15.6,512,0,1,3,3,0,2,0
61,25478180.0,16,5,10,15.6,2000,0,1,3,3,0,9,1
62,14558180.0,8,4,0,17.3,512,0,0,2,3,0,1,0
63,10918180.0,16,4,10,13.3,512,0,1,3,3,0,6,0
64,6550180.0,8,4,10,14.0,512,0,1,3,3,0,6,0
65,10918180.0,16,4,0,15.6,256,0,0,3,3,0,2,1
66,89178180.0,2,3,10,15.6,512,0,1,3,3,0,9,1
67,3456180.0,4,4,10,17.3,512,0,1,3,3,0,12,0
68,9644180.0,8,4,0,11.6,512,0,0,3,3,0,9,1
69,9826180.0,16,4,0,15.6,512,0,0,3,3,0,9,1
70,8370180.0,16,4,0,15.6,512,0,0,3,3,0,9,0
71,6186180.0,8,4,10,14.0,512,0,1,3,3,0,8,0
72,7278180.0,8,4,0,15.0,1000,0,0,3,3,0,7,0
73,11646180.0,16,4,10,15.6,256,0,1,3,3,0,2,0
74,12374180.0,16,4,10,15.6,512,0,1,3,3,0,6,0
75,3092180.0,4,4,10,15.6,512,0,1,3,3,0,12,0
76,10372180.0,8,4,10,11.6,512,0,1,3,3,0,2,0
77,10373818.0,16,4,0,14.0,1000,0,0,3,3,0,6,0
78,5640180.0,8,4,5,14.0,512,0,0,3,3,0,6,0
79,3456180.0,4,4,10,15.6,256,1000,1,3,0,0,12,0
80,15468180.0,16,5,10,11.6,512,0,1,3,3,0,2,1
81,4366180.0,8,4,10,15.6,1000,0,1,3,3,0,7,0
82,7278180.0,8,4,0,15.6,512,0,0,3,3,0,6,0
83,10008180.0,8,4,10,15.6,1000,0,1,3,3,0,6,0
84,7824180.0,8,4,10,15.6,512,0,1,3,3,0,9,0
85,58693180.0,32,3,0,14.0,512,0,0,2,3,0,1,0
86,10918180.0,16,4,10,16.0,512,0,1,3,3,0,9,0
87,12192180.0,16,4,10,14.0,512,0,1,3,3,0,9,1
88,11646180.0,16,4,10,15.6,512,0,1,3,3,0,2,0
89,20018180.0,16,4,10,15.6,512,0,1,3,3,0,9,0
90,12374180.0,8,4,10,15.6,256,0,1,3,3,0,9,1
91,17652180.0,16,5,10,15.6,512,0,1,3,3,0,9,1
92,11445980.0,8,4,10,15.6,512,0,1,3,3,0,6,1
93,12010180.0,16,4,10,15.6,512,0,1,3,3,0,2,1
94,10918180.0,16,4,10,15.6,512,0,1,3,3,0,6,0
95,14376180.0,8,5,10,14.0,512,0,1,3,3,0,9,1
96,10736180.0,16,4,10,15.6,1000,0,1,3,3,0,6,0
97,12738180.0,16,4,10,15.6,512,0,1,3,3,0,9,1
98,6279000.0,8,4,0,15.6,512,0,0,3,3,0,0,0
99,3092180.0,4,4,10,15.6,512,0,1,3,3,0,12,0
100,11828180.0,16,4,10,11.6,512,0,1,3,3,0,9,1
101,7278180.0,8,4,10,15.6,512,0,1,3,3,0,9,0
102,17288180.0,16,4,10,14.0,512,0,1,3,3,0,9,1
103,10008180.0,8,4,10,15.6,512,0,1,3,3,0,6,0
104,7278180.0,8,4,0,15.6,512,0,0,3,3,0,8,0
105,15469818.0,16,4,0,15.5,256,0,0,3,3,0,6,0
106,7096180.0,8,4,10,14.0,256,0,1,3,3,0,8,0
107,9553180.0,8,4,0,15.6,512,0,0,3,3,0,6,0
108,6914180.0,8,4,10,15.6,512,0,1,3,3,0,0,0
109,4821180.0,8,4,0,15.6,512,0,0,3,3,0,7,0
110,19108180.0,16,4,10,15.6,256,0,1,3,3,0,8,1
111,10918180.0,16,4,10,15.5,512,0,1,3,3,0,6,0
112,8370180.0,8,4,10,14.0,512,0,1,3,3,0,13,0
113,13648180.0,16,4,10,14.0,512,0,1,3,3,0,2,0
114,5094180.0,8,4,10,14.0,512,0,1,3,3,0,7,0
115,3456180.0,4,4,10,15.6,512,0,1,3,3,0,12,0
116,14558180.0,8,4,0,11.6,512,0,0,2,3,0,1,0
117,7278180.0,8,4,0,13.3,256,0,0,3,3,0,8,0
118,7824180.0,8,4,0,0.0,2000,0,0,3,3,0,9,0
119,8003450.0,8,4,10,14.0,512,0,1,3,3,0,8,0
120,5094180.0,8,4,10,15.6,1000,0,1,3,3,0,7,0
121,7824180.0,8,4,0,15.6,512,0,0,3,3,0,9,0
122,8370180.0,8,4,0,14.0,1000,0,0,3,3,0,2,0
123,3092180.0,4,4,10,14.0,512,0,1,3,3,0,12,0
124,10736180.0,16,4,10,11.6,512,0,1,3,3,0,6,1
125,6004180.0,4,4,10,15.6,512,0,1,3,3,0,14,0
126,10645180.0,8,4,0,14.0,512,0,0,3,3,0,6,1
127,10008180.0,8,4,10,16.1,512,0,1,3,3,0,6,0
128,10554180.0,8,4,0,15.6,512,0,0,3,3,0,0,1
129,4366180.0,8,4,10,15.6,512,0,1,3,3,0,7,0
130,54598180.0,32,5,0,15.6,512,0,0,3,3,0,9,1
131,9553180.0,8,4,0,17.3,1000,0,0,3,3,0,6,0
132,14285180.0,16,5,10,15.6,1000,0,1,3,3,0,6,0
133,10918180.0,16,4,10,13.3,512,0,1,3,3,0,2,0
134,38400180.0,16,5,10,16.0,512,0,1,3,3,0,2,0
135,10918180.0,16,4,10,17.3,256,0,1,3,3,0,6,0
136,22748180.0,16,5,10,14.0,256,1000,1,3,0,0,2,0
137,10008180.0,8,4,10,16.0,512,0,1,3,3,0,6,1
138,7278180.0,2,3,10,15.6,512,0,1,3,3,0,0,0
139,3456180.0,8,5,0,15.6,1000,0,1,3,3,0,12,0
140,10171980.0,4,4,10,11.6,256,0,1,3,3,0,4,0
141,13466180.0,8,4,0,15.6,512,0,0,3,3,0,6,0
142,7278180.0,16,4,0,14.0,512,0,0,3,3,1,8,0
143,8003450.0,8,4,10,15.6,512,0,1,3,3,0,8,0
144,30938180.0,8,4,10,15.6,256,0,1,3,3,0,9,1
145,22566180.0,16,5,0,15.6,512,0,0,3,3,0,2,0
146,12010180.0,16,5,10,15.6,512,0,1,3,3,0,2,0
147,3092180.0,8,4,10,14.0,1000,0,1,3,3,0,12,0
148,7278180.0,4,4,0,11.6,512,0,0,3,3,0,0,0
149,4093180.0,2,3,10,15.6,512,0,1,0,3,0,6,0
150,13102180.0,8,5,7,15.6,1000,0,1,3,3,0,9,1
151,10008180.0,4,4,10,15.6,512,0,1,3,3,0,6,0
152,14558180.0,16,4,10,15.6,256,0,1,3,3,0,9,1
153,58693180.0,8,4,10,15.6,1000,0,1,2,3,0,1,0
154,5094180.0,16,4,10,16.0,512,0,1,3,3,0,7,0
155,9553180.0,32,3,10,15.6,512,0,1,3,3,0,6,0
156,13648180.0,8,4,10,15.6,512,0,1,3,3,0,14,0
157,10628618.0,8,4,0,15.6,1000,0,0,3,3,0,8,0
158,6186180.0,16,4,10,15.6,1000,0,1,3,3,0,0,0
159,10918180.0,16,4,10,15.6,256,0,1,3,3,0,6,0
160,13447980.0,8,5,0,14.0,512,0,0,3,3,0,4,0
161,38582180.0,16,4,10,16.0,512,0,1,3,3,0,2,0
162,12010180.0,16,4,10,15.6,512,0,1,3,3,0,5,1
163,3456180.0,16,5,0,15.6,256,0,0,3,3,0,12,0
164,10008180.0,16,4,0,11.6,512,0,0,3,3,0,13,0
165,51959180.0,4,4,10,14.0,512,0,1,2,3,0,1,0
166,9098180.0,16,4,10,14.0,512,0,1,3,3,0,2,0
167,6186180.0,32,3,0,15.6,512,0,0,3,3,0,8,0
168,41858180.0,8,5,10,15.0,512,0,1,3,3,0,2,0
169,9989980.0,8,4,10,14.0,512,0,1,3,3,1,6,0
170,3092180.0,32,5,0,15.6,256,1000,0,3,0,0,12,0
171,10008180.0,8,4,0,11.6,512,0,0,3,3,0,6,0
172,10128664.0,4,4,0,15.6,1000,0,0,3,3,0,4,0
173,50958180.0,8,4,10,15.6,512,0,1,3,3,0,2,0
174,14467180.0,8,4,0,15.6,256,0,0,3,3,0,6,0
175,7769580.0,8,4,10,16.0,512,0,1,3,3,0,4,0
176,9553180.0,32,5,10,14.0,256,0,1,3,3,1,6,0
177,10918180.0,16,4,0,14.0,512,0,0,3,3,0,6,0
178,13648180.0,8,4,0,15.6,512,0,0,3,3,0,9,0
179,7809074.0,8,4,0,14.0,2000,0,0,3,3,0,4,0
180,3456180.0,16,4,10,15.6,512,0,1,3,3,0,12,0
181,7096180.0,8,4,10,14.0,512,0,1,3,3,0,8,0
182,13648180.0,8,4,10,11.6,512,0,1,3,3,0,6,1
183,10736180.0,4,4,10,15.6,512,0,1,3,3,0,0,1
184,12738180.0,8,4,10,15.6,1000,0,1,3,3,1,14,0
185,9098180.0,16,4,0,15.6,512,0,0,3,3,0,2,0
186,8003450.0,16,4,0,15.6,512,0,0,3,3,0,8,0
187,15468180.0,8,4,0,15.6,512,0,1,3,3,0,9,1
188,11828180.0,8,5,10,15.6,512,0,1,3,3,0,2,1
189,28117180.0,8,4,0,15.6,512,0,0,3,3,0,6,1
190,9098180.0,16,4,10,17.3,1000,0,1,3,3,0,8,1
191,6186180.0,8,4,10,16.1,2000,0,1,3,3,0,8,0
192,12556180.0,32,5,0,15.5,1000,0,0,3,3,0,8,0
193,6695780.0,8,4,10,15.0,512,0,1,3,3,0,4,0
194,7278180.0,8,4,0,15.6,1000,0,0,3,3,0,2,0
195,3092180.0,16,4,10,0.0,512,0,1,3,3,0,12,0
196,14558180.0,8,4,0,15.6,256,0,1,3,3,0,2,0
197,69158180.0,8,5,10,11.6,1000,1000,1,3,0,0,2,0
198,10554180.0,4,4,10,16.0,2000,0,1,3,3,0,6,0
199,10008180.0,16,4,10,16.0,512,0,1,3,3,0,6,0
200,9463818.0,32,5,0,15.6,512,0,0,3,3,0,6,0
201,11828180.0,16,4,10,15.6,256,0,1,3,3,0,6,1
202,23658180.0,8,4,0,15.6,512,0,0,3,3,0,2,0
203,9553180.0,16,5,10,15.6,512,0,1,3,3,0,6,0
204,10082800.0,16,4,0,15.6,256,1000,0,3,0,0,8,0
205,12556180.0,16,4,10,15.6,512,0,1,3,3,0,2,0
206,7278180.0,8,4,10,15.6,512,0,1,3,3,0,8,0
207,10918180.0,8,4,10,15.6,512,0,1,3,3,0,6,0
208,51959180.0,16,4,0,15.6,512,0,0,2,3,0,1,0
209,78258180.0,8,4,10,15.6,1000,0,1,3,3,0,2,0
210,32394180.0,16,4,0,14.0,1000,0,0,3,3,0,2,0
211,3456180.0,32,3,0,14.0,512,0,0,3,3,0,12,0
212,7461818.0,32,5,0,16.0,256,1000,0,3,0,0,2,0
213,20018180.0,16,4,10,15.6,512,0,1,3,3,0,2,1
214,11282180.0,4,4,0,11.6,512,0,0,3,3,0,8,0
215,6186180.0,8,4,0,15.6,256,0,0,3,3,0,8,0
216,60968180.0,16,4,0,15.6,512,0,0,3,3,0,4,1
217,40948180.0,16,4,10,14.0,512,0,1,3,3,1,2,0
218,10554180.0,8,4,10,15.0,2000,0,1,3,3,0,6,0
219,3092180.0,32,5,10,17.3,512,0,1,3,3,0,12,0
220,11828180.0,32,5,0,16.0,1000,0,0,3,3,0,6,1
221,8188180.0,16,4,10,15.6,512,0,1,3,3,0,2,0
222,6550180.0,4,4,10,11.6,512,0,1,3,3,0,0,0
223,10008180.0,16,4,10,15.6,1000,0,1,3,3,0,6,0
224,15468180.0,8,4,10,14.0,512,0,1,3,3,1,9,1
225,21426496.0,8,5,0,15.6,512,0,0,3,3,0,4,1
226,8734180.0,8,4,10,15.6,256,0,1,3,3,0,2,0
227,9553180.0,16,4,10,15.6,512,0,1,3,3,0,6,0
228,10372180.0,16,5,0,0.0,512,0,0,3,3,0,2,0
229,45500000.0,8,5,10,15.6,512,0,1,3,3,0,17,1
230,26934180.0,8,4,0,15.6,512,0,0,3,3,0,2,1
231,10918180.0,8,5,0,15.6,512,0,0,3,3,0,6,0
232,12192180.0,16,4,10,15.6,2000,0,1,3,3,0,9,1
233,10082800.0,32,5,0,15.6,512,0,0,3,3,0,8,0
234,7642180.0,16,4,10,13.4,512,0,1,3,3,1,0,0
235,6186180.0,16,4,0,14.0,1000,0,0,3,3,0,8,0
236,9826180.0,8,4,10,15.6,512,0,1,3,3,0,8,1
237,12465180.0,2,3,10,15.6,512,0,1,3,3,0,6,0
238,40948180.0,8,5,10,15.6,512,0,1,3,3,0,2,0
239,3456180.0,8,4,0,15.0,512,0,0,3,3,0,12,0
240,8644818.0,8,4,10,15.6,1000,0,1,3,3,0,6,0
241,49138180.0,16,5,10,13.3,256,1000,1,3,0,0,2,0
242,7278180.0,32,5,10,16.0,512,0,1,3,3,0,2,0
243,3092180.0,4,4,10,11.6,512,0,1,3,3,0,12,0
244,17834180.0,8,4,10,15.6,512,0,1,3,3,0,8,1
245,36398180.0,16,5,10,17.3,2000,0,1,3,3,0,2,0
246,12556180.0,8,5,10,15.6,1000,0,1,3,3,0,8,1
247,10008180.0,4,4,0,11.6,1000,0,0,3,3,0,6,0
248,20109180.0,16,4,10,15.6,512,0,1,2,3,0,1,0
249,16924180.0,16,5,10,14.0,1000,0,1,3,3,1,6,1
250,10372180.0,16,4,10,15.6,512,0,1,3,3,0,9,0
251,9553180.0,8,4,0,15.6,512,0,0,3,3,0,6,0
252,4821180.0,8,3,10,13.0,512,0,1,3,3,0,7,0
253,18952570.0,16,4,10,16.1,512,0,1,3,3,0,8,1
254,65882180.0,8,4,10,14.0,1000,0,1,3,3,0,2,0
255,10918180.0,8,4,10,15.6,512,0,1,3,3,0,6,0
256,13649818.0,8,4,10,15.6,512,0,1,3,3,0,6,0
257,24022180.0,16,4,10,16.0,512,0,1,3,3,0,8,1
258,9098180.0,32,5,10,16.0,1000,0,1,3,3,0,2,0
259,8003450.0,16,4,10,14.0,1000,0,1,3,3,0,8,0
260,8461180.0,16,4,10,15.6,512,0,1,3,3,0,4,0
261,8098818.0,16,4,10,15.6,512,0,1,3,3,0,4,0
262,31302180.0,8,4,10,14.0,512,0,1,3,3,1,2,0
263,15468180.0,8,4,10,15.6,256,0,1,3,3,0,9,1
264,11646180.0,8,4,10,14.0,512,0,1,3,3,0,6,1
265,14922180.0,8,4,10,15.6,2000,0,1,3,3,0,6,0
266,13102180.0,16,5,10,16.0,512,0,1,3,3,1,9,0
267,3092180.0,16,4,0,15.6,512,0,0,3,3,0,12,0
268,40948180.0,8,4,10,15.6,512,0,1,3,3,0,0,1
269,24022180.0,16,4,10,15.6,1000,0,1,3,3,1,2,0
270,32030180.0,16,4,10,15.6,1000,0,1,3,3,0,9,0
271,10008180.0,4,4,0,11.6,512,0,0,3,3,0,6,0
272,44588180.0,32,5,0,16.0,512,0,0,3,3,0,9,1
273,10281180.0,16,5,10,14.0,1000,0,1,3,3,0,6,0
274,13102180.0,16,5,10,16.0,512,0,1,3,3,0,8,0
275,9553180.0,8,4,10,15.6,256,0,1,3,3,0,6,0
276,18198180.0,16,5,10,15.6,512,0,1,3,3,0,4,1
277,31848180.0,8,4,10,15.6,512,0,1,3,3,0,2,0
278,9079980.0,8,4,10,14.0,1000,0,1,3,3,1,4,0
279,10918180.0,8,4,0,15.6,512,0,1,3,3,0,6,0
280,13284180.0,16,4,10,15.6,512,0,1,3,3,0,6,0
281,28208180.0,16,4,10,0.0,512,0,1,3,3,0,2,0
282,51322180.0,16,4,10,0.0,512,0,1,3,3,0,2,1
283,3456180.0,16,4,0,15.6,256,0,0,3,3,0,12,0
284,6368180.0,16,4,0,15.6,512,0,0,0,3,0,6,0
285,9307298.0,16,4,10,14.0,1000,0,1,3,3,0,6,0
286,15013180.0,16,4,0,14.0,512,0,0,3,3,1,6,0
287,6186180.0,32,5,10,15.6,1000,0,1,3,3,0,8,0
288,6186180.0,4,4,0,15.6,256,1000,0,3,0,0,8,0
289,47318180.0,8,4,10,11.6,512,0,1,3,3,0,9,1
290,10008180.0,8,4,10,15.6,512,0,1,3,3,0,6,0
291,9553180.0,16,4,10,14.0,512,0,1,3,3,1,6,0
292,15650180.0,8,4,10,14.0,1000,0,1,3,3,0,9,1
293,12374180.0,8,4,10,15.0,1000,0,1,3,3,0,6,0
294,59330180.0,32,5,10,15.6,1000,0,1,3,3,0,17,1
295,10918180.0,8,4,10,16.0,512,0,1,3,3,0,9,1
296,10918180.0,8,4,10,15.6,256,0,1,3,3,0,6,0
297,3092180.0,16,4,0,15.6,512,0,0,3,3,0,12,0
298,19108180.0,8,4,10,15.6,256,0,1,3,3,0,9,1
299,8552180.0,32,4,10,15.6,512,0,1,3,3,0,2,0
300,6186180.0,8,4,0,15.6,512,0,0,3,3,0,8,0
301,20564180.0,16,4,10,15.6,1000,0,1,3,3,0,6,1
302,9079980.0,4,4,10,15.6,512,0,1,3,3,0,4,0
303,38582180.0,16,4,10,14.0,1000,0,1,3,3,0,2,1
304,12738180.0,8,4,10,11.6,512,0,1,3,3,0,4,1
305,22748180.0,8,4,0,16.0,1000,0,0,3,3,0,2,0
306,10918180.0,16,4,10,14.0,1000,0,1,3,3,0,8,0
307,7096180.0,16,4,10,15.0,512,0,1,3,3,0,8,0
308,21838180.0,16,5,10,15.6,512,0,1,2,3,0,1,0
309,12556180.0,8,5,10,15.6,0,1000,1,3,1,0,9,0
310,33850180.0,16,5,10,15.6,512,0,1,3,3,0,9,0
311,7279818.0,16,4,0,0.0,512,0,0,3,3,0,8,0
312,60058180.0,8,4,10,14.0,512,0,1,3,3,1,2,0
313,6459180.0,8,3,0,15.6,1000,0,0,3,3,0,8,0
314,15468180.0,8,4,10,15.6,512,0,1,3,3,0,7,0
315,11646180.0,32,5,10,13.3,512,0,1,3,3,0,8,0
316,13029380.0,8,4,0,15.6,256,0,0,3,3,0,4,0
317,27298180.0,16,5,0,16.0,2000,0,0,3,3,0,5,1
318,24932180.0,8,4,10,15.6,1000,0,1,3,3,0,4,1
319,3092180.0,16,5,0,17.3,512,0,0,3,3,1,12,0
320,18198180.0,16,4,10,15.6,512,0,1,3,3,0,2,0
321,15104180.0,16,4,0,15.6,512,0,0,3,3,0,2,1
322,20109180.0,16,4,10,14.0,1000,0,1,2,3,1,1,0
323,10008180.0,16,5,10,16.0,512,0,1,3,3,0,6,0
324,20109180.0,4,4,10,15.6,1000,0,1,2,3,0,1,0
325,9644180.0,16,5,10,0.0,512,0,1,3,3,0,8,0
326,13648180.0,16,4,0,11.6,512,0,0,3,3,0,8,1
327,3456180.0,8,3,10,15.6,512,0,1,3,3,0,12,0
328,30302818.0,8,4,10,15.6,512,0,1,3,3,0,6,1
329,22748180.0,8,3,0,13.0,512,0,0,3,3,0,2,0
330,36034180.0,8,4,10,15.6,512,0,1,3,3,0,6,1
331,9553180.0,16,4,10,13.0,256,0,1,3,3,0,6,0
332,26024180.0,4,4,0,15.6,512,0,0,3,3,0,9,0
333,23658180.0,16,4,0,15.6,256,1000,0,3,0,0,2,0
334,18603858.0,16,5,10,11.6,512,0,1,3,3,0,2,0
335,10918180.0,32,5,0,16.1,512,0,0,3,3,0,6,0
336,6624800.0,8,4,0,14.0,256,1000,0,3,0,1,4,0
337,15468180.0,16,5,10,17.3,512,0,1,3,3,0,6,0
338,9098180.0,16,5,10,15.6,512,0,1,3,3,0,2,0
339,3092180.0,16,5,0,14.0,1000,0,0,3,3,0,12,0
340,9580298.0,16,4,10,15.6,512,0,1,3,3,0,6,0
341,41858180.0,8,4,10,14.0,512,0,1,3,3,1,2,1
342,15085980.0,8,4,10,14.0,512,0,1,3,3,0,4,0
343,10008180.0,16,4,10,14.0,256,0,1,3,3,0,6,0
344,5458180.0,8,4,0,0.0,512,0,0,3,3,0,7,0
345,53872000.0,4,4,0,13.4,512,0,1,3,3,1,6,1
346,42768180.0,8,4,10,14.0,1000,0,1,3,3,1,2,1
347,9553180.0,32,5,0,11.6,256,1000,0,3,0,0,6,0
348,16196180.0,16,4,10,14.0,1000,0,1,3,3,1,4,0
349,10918180.0,8,4,10,15.6,1000,0,1,3,3,0,2,0
350,34578180.0,8,4,0,14.0,512,0,0,3,3,1,8,1
351,10918180.0,32,5,9,15.6,256,0,0,3,3,0,6,0
352,19836180.0,32,4,0,15.6,512,0,0,3,3,0,6,0
353,12920180.0,8,4,10,17.3,512,0,1,3,3,0,6,1
354,9098180.0,16,4,10,15.6,1000,0,1,3,3,0,2,0
355,7279818.0,8,4,10,15.6,512,0,1,3,3,0,8,0
356,11100180.0,32,5,10,14.0,1000,0,1,3,3,1,2,0
357,15267980.0,16,4,7,14.0,512,0,1,3,3,0,4,1
358,7096180.0,16,4,10,16.0,512,0,1,3,3,0,6,0
359,6186180.0,8,4,10,14.0,512,0,1,3,3,0,8,0
360,3092180.0,8,5,10,15.6,512,0,1,3,3,1,12,0
361,10008180.0,8,4,10,16.1,1000,0,1,3,3,0,6,0
362,12192180.0,8,4,10,15.6,1000,0,1,3,3,0,9,1
363,41858180.0,8,5,10,15.6,512,0,1,2,3,0,1,0
364,17470180.0,8,4,0,14.0,256,0,0,3,3,1,2,0
365,9826180.0,8,4,10,14.0,512,0,1,3,3,1,2,0
366,9553180.0,4,4,10,15.6,1000,0,1,3,3,0,6,0
367,10918180.0,8,4,0,15.0,1000,0,0,3,3,0,6,0
368,34578180.0,16,4,0,11.6,512,0,0,3,3,0,8,1
369,5458180.0,16,3,10,15.6,512,0,1,3,3,0,7,0
370,7279818.0,16,5,10,15.6,512,0,1,3,3,0,8,0
371,8003450.0,8,4,10,16.0,256,0,1,3,3,0,8,0
372,6641180.0,8,4,10,13.4,1000,0,1,3,3,1,4,0
373,18145036.0,16,4,0,15.6,512,0,0,3,3,0,4,1
374,14740180.0,32,5,10,15.6,512,0,1,3,3,0,8,0
375,34034182.0,8,4,0,14.0,1000,0,0,3,3,0,8,1
376,15468180.0,8,4,10,16.0,512,0,1,3,3,0,9,1
377,3456180.0,8,4,0,15.6,512,0,0,3,3,0,12,0
378,44042180.0,8,4,0,15.6,256,0,0,3,3,0,2,1
379,10918180.0,8,4,0,15.6,256,1000,0,3,0,0,2,0
380,9098180.0,16,5,10,14.0,1000,0,1,3,3,0,8,1
381,6186180.0,16,4,10,14.0,512,0,1,3,3,0,8,0
382,7278180.0,32,5,0,15.6,512,0,0,3,3,0,6,0
383,9580298.0,16,4,10,15.6,512,0,1,3,3,0,6,0
384,14558180.0,4,4,10,10.0,512,0,1,3,3,0,2,0
385,4730180.0,32,5,10,15.6,512,0,1,3,3,0,2,0
386,3092180.0,8,4,0,11.6,512,0,0,3,3,0,12,0
387,10008180.0,8,4,10,16.0,512,0,1,3,3,0,6,0
388,40966380.0,8,4,10,16.0,512,0,1,2,3,0,1,0
389,9736818.0,4,4,10,15.5,512,0,1,3,3,0,6,0
390,9553180.0,8,4,10,15.0,512,0,1,3,3,0,6,0
391,10918180.0,16,4,10,15.6,1000,0,1,3,3,0,6,0
392,12738180.0,4,4,0,14.0,512,0,0,3,3,1,8,1
393,16924180.0,4,4,10,14.0,512,0,1,3,3,0,2,1
394,26570180.0,8,4,0,14.0,1000,0,0,3,3,1,2,0
395,10554180.0,16,3,0,11.6,512,0,0,3,3,0,0,0
396,6186180.0,16,5,10,15.6,512,0,1,3,3,0,8,0
397,7279818.0,8,4,10,14.0,512,0,1,3,3,0,8,0
398,36398180.0,16,4,0,15.6,1000,0,0,3,3,0,2,0
399,25296180.0,16,4,0,15.6,256,0,0,3,3,0,4,1
400,20564180.0,16,4,10,14.0,256,1000,1,3,0,0,6,1
401,10918180.0,16,5,0,15.5,1000,0,0,3,3,0,8,0
402,17834180.0,8,4,10,15.6,512,0,1,3,3,0,2,0
403,6368180.0,8,4,10,15.6,512,0,1,3,3,0,0,0
404,20928180.0,8,4,0,15.6,512,0,1,3,3,0,9,0
405,11775400.0,16,5,10,15.0,512,0,1,3,3,0,6,1
406,7096180.0,16,4,10,15.6,512,0,1,3,3,0,8,0
407,33850180.0,16,5,10,16.0,512,0,1,3,3,0,9,0
408,10190180.0,16,4,0,15.6,512,0,0,3,3,0,0,0
409,17199000.0,16,4,0,15.6,512,0,0,3,3,0,6,0
410,20382180.0,16,5,10,15.6,512,0,1,2,3,0,1,0
411,3092180.0,8,4,0,15.6,256,1000,1,3,0,0,12,0
412,8351980.0,16,5,10,14.0,512,0,1,3,3,0,4,0
413,36853180.0,16,4,10,15.6,1000,0,1,3,3,0,17,1
414,12374180.0,8,4,10,14.0,512,0,1,3,3,0,4,1
415,10008180.0,32,5,0,14.0,1000,0,1,3,3,0,6,0
416,18198180.0,8,4,10,15.6,128,0,1,3,3,0,2,0
417,12556180.0,16,4,10,16.0,512,0,1,3,3,0,6,0
418,9098180.0,16,4,10,14.0,512,0,1,3,3,0,2,0
419,9553180.0,4,4,10,13.3,512,0,1,3,3,1,6,0
420,14319760.0,8,4,10,13.3,512,0,1,3,3,0,6,1
421,14558180.0,16,4,10,11.6,1000,0,1,3,3,0,2,1
422,19290180.0,8,4,10,15.6,1000,0,1,3,3,0,4,1
423,10918180.0,8,4,0,15.6,512,0,1,3,3,0,6,0
424,29482180.0,16,5,10,15.6,256,0,1,3,3,0,2,1
425,10918180.0,8,4,10,15.6,1000,1000,1,3,0,0,6,0
426,14558180.0,8,5,10,15.6,512,0,1,3,3,0,8,0
427,3456180.0,8,4,0,15.6,256,1000,0,3,0,0,12,0
428,23658180.0,8,5,10,14.0,512,0,1,3,3,0,2,0
429,10918180.0,16,4,7,15.6,512,0,1,3,3,0,2,0
430,14207102.0,16,5,10,15.6,1000,0,1,3,3,0,4,0
431,20564180.0,16,4,10,16.1,1000,0,1,3,3,0,6,1
432,33395180.0,16,5,0,15.6,1000,0,0,3,3,0,8,1
433,20382180.0,16,4,10,15.6,512,0,1,2,3,0,1,0
434,8351980.0,16,4,0,14.0,128,0,0,3,3,0,4,0
435,3092180.0,4,4,0,13.4,512,0,0,3,3,1,12,0
436,36853180.0,16,5,10,14.0,512,0,1,3,3,0,17,1
437,12374180.0,8,4,10,15.6,512,0,1,3,3,0,4,1
438,18198180.0,8,4,0,11.6,0,1000,0,3,1,0,2,0
439,3456180.0,16,4,10,13.3,512,0,1,3,3,0,12,0
440,12556180.0,16,4,10,14.0,512,0,1,3,3,0,6,0
441,9098180.0,16,4,10,14.0,512,0,1,3,3,1,2,0
442,14319760.0,8,4,10,15.6,512,0,1,3,3,0,6,1
443,10008180.0,4,4,10,15.6,1000,0,1,3,3,0,6,0
444,10918180.0,16,4,10,13.3,1000,0,1,3,3,0,2,0
445,14207102.0,8,4,0,15.6,512,0,0,3,3,0,4,0
446,14558180.0,16,5,0,11.6,512,0,0,3,3,0,2,1
447,12192180.0,4,4,10,15.6,512,0,1,3,3,0,9,1
448,7623980.0,8,4,0,15.6,512,0,0,3,3,0,4,0
449,56327180.0,8,5,10,15.6,1000,0,1,2,3,0,1,0
450,16287180.0,8,5,0,15.6,1000,0,0,3,3,0,6,0
451,17652180.0,8,4,10,11.6,512,0,1,3,3,0,9,1
452,5330780.0,8,4,10,14.0,512,0,1,3,3,0,2,0
453,16378180.0,8,4,10,15.6,512,0,1,3,3,0,2,0
454,28642250.0,16,4,10,16.1,512,0,1,3,3,0,4,1
455,14376180.0,16,4,0,15.6,512,0,0,3,3,0,9,1
456,17289818.0,8,4,10,14.0,512,0,1,3,3,0,6,1
457,34578180.0,32,3,0,14.0,256,0,0,3,3,1,2,1
458,18198180.0,16,4,10,15.6,512,0,1,3,3,0,2,1
459,3092180.0,16,5,10,15.6,512,0,1,3,3,0,12,0
460,7460180.0,4,4,10,15.6,512,0,1,3,3,0,2,0
461,6550180.0,16,4,10,16.0,512,0,1,3,3,0,13,0
462,55508180.0,16,4,10,15.6,256,1000,1,3,0,1,4,1
463,10008180.0,8,5,10,15.6,256,1000,1,3,0,0,6,0
464,3092180.0,16,5,0,11.6,512,0,0,3,3,1,2,0
465,17652180.0,16,5,10,14.0,512,0,1,3,3,0,9,1
466,11373180.0,16,5,10,16.0,512,0,1,3,3,1,4,1
467,9553180.0,4,4,10,15.6,512,0,1,3,3,0,6,0
468,31302180.0,8,4,10,16.1,512,0,1,3,3,0,2,1
469,23567180.0,8,4,10,15.6,1000,0,1,3,3,0,9,1
470,51049180.0,32,5,10,17.3,512,0,0,3,3,0,4,1
471,10918180.0,8,4,10,11.6,512,0,1,3,3,0,6,0
472,3820180.0,4,4,10,14.0,512,0,1,3,3,0,2,0
473,12738180.0,16,4,10,14.0,512,0,1,3,3,0,8,0
474,11684400.0,8,4,10,15.6,512,0,1,3,3,0,2,0
475,7279818.0,8,4,0,15.6,1000,0,0,3,3,0,8,0
476,7096180.0,16,5,0,11.6,1000,0,0,3,3,1,4,0
477,7460180.0,16,4,10,15.6,1000,0,1,3,3,0,2,0
478,14194180.0,32,5,10,15.6,512,0,1,3,3,0,4,0
479,3456180.0,16,4,10,15.6,512,0,1,3,3,0,12,0
480,12010180.0,4,4,10,13.4,1000,0,1,3,3,1,2,1
481,15832180.0,16,4,10,15.6,2000,0,1,3,3,0,8,0
482,29664180.0,16,4,10,15.6,256,1000,1,3,0,0,6,1
483,3092180.0,8,4,0,14.0,512,0,0,3,3,0,12,0
484,29482180.0,8,4,0,11.6,1000,1000,0,3,0,0,2,0
485,6297200.0,8,4,10,14.0,512,0,1,3,3,0,8,0
486,19108180.0,8,4,10,15.6,512,0,1,3,3,0,2,0
487,10008180.0,8,4,10,15.6,256,0,1,3,3,0,6,0
488,12920180.0,4,4,10,15.6,512,0,1,3,3,0,2,0
489,49138180.0,8,4,0,14.0,512,0,0,3,3,0,2,1
490,24750180.0,16,4,10,14.0,512,0,1,3,3,0,9,1
491,9553180.0,16,5,0,14.0,512,0,0,3,3,1,6,0
492,25114180.0,4,4,10,11.6,512,0,1,2,3,0,1,0
493,13077974.0,16,5,10,15.6,512,0,1,3,3,0,4,1
494,7551180.0,8,4,10,13.3,512,0,1,3,3,1,4,0
495,10918180.0,16,5,0,16.1,0,1000,0,3,1,0,6,0
496,10827180.0,8,4,10,11.6,512,0,1,3,3,0,6,1
497,4912180.0,16,4,10,15.6,1000,0,1,3,3,0,0,0
498,11828180.0,32,4,10,15.6,512,0,1,3,3,0,8,1
499,8003450.0,16,4,10,14.0,512,0,1,3,3,1,8,0
500,15832180.0,8,4,7,15.6,512,0,1,3,3,0,9,1
501,10554180.0,8,3,0,16.0,512,0,0,3,3,0,2,0
502,15904980.0,8,4,0,15.6,512,0,0,3,3,1,2,1
503,15468180.0,8,4,10,15.6,256,1000,1,3,0,1,9,1
504,25114180.0,16,4,10,15.6,512,0,1,2,3,0,1,0
505,13077974.0,8,4,7,13.0,1000,0,1,3,3,0,4,1
506,7551180.0,8,4,0,15.6,256,1000,1,3,0,0,4,0
507,3092180.0,8,4,10,14.0,512,0,1,3,3,0,12,0
508,10827180.0,8,4,10,14.0,512,0,1,3,3,0,6,1
509,11227580.0,8,4,10,15.6,512,0,1,3,3,0,4,0
510,19654180.0,8,4,0,14.0,512,0,0,3,3,0,6,1
511,10008180.0,8,4,10,15.6,512,0,1,3,3,0,6,0
512,10918180.0,16,4,0,15.6,512,0,0,3,3,0,2,1
513,20018180.0,8,3,10,15.6,1000,0,1,2,3,0,1,0
514,20018180.0,8,4,0,14.0,512,0,0,3,3,0,2,0
515,9553180.0,8,4,10,15.6,128,1000,1,3,0,0,6,0
516,26388180.0,4,4,10,15.6,512,0,1,3,3,0,9,0
517,29118180.0,8,4,10,13.0,512,0,1,3,3,0,2,0
518,19290180.0,8,4,10,15.6,512,0,1,3,3,0,2,0
519,10918180.0,16,4,10,14.0,1000,0,1,3,3,0,6,0
520,25114180.0,8,4,10,11.6,256,1000,1,2,0,0,1,0
521,31029180.0,8,4,10,15.6,1000,0,1,3,3,0,6,1
522,28208180.0,8,4,10,15.6,512,0,1,3,3,0,0,1
523,3456180.0,16,5,10,16.1,512,0,1,3,3,0,12,0
524,10943660.0,8,4,10,15.6,512,0,1,3,3,0,0,0
525,12829180.0,16,5,10,15.6,1000,0,1,3,3,0,6,0
526,28208180.0,32,5,10,13.3,0,1000,1,3,1,0,2,1
527,7096180.0,16,5,10,14.0,512,0,1,3,3,1,8,0
528,16587662.0,16,4,10,15.6,256,0,1,3,3,0,6,0
529,6186180.0,8,3,0,13.4,256,0,1,3,3,0,8,0
530,11100180.0,16,5,10,14.0,1000,0,1,3,3,1,8,0
531,3092180.0,16,4,0,15.6,512,0,0,3,3,0,12,0
532,7733180.0,4,4,0,14.0,512,0,0,3,3,0,6,0
533,13557180.0,8,4,10,13.0,512,0,1,3,3,0,4,1
534,16287180.0,8,4,10,16.1,512,0,1,3,3,0,4,0
535,10008180.0,16,4,10,15.6,512,0,1,3,3,0,6,0
536,14558180.0,8,4,10,11.6,512,0,1,3,3,0,0,0
537,7460180.0,16,4,0,15.6,1000,0,1,3,3,0,2,0
538,6550180.0,8,4,10,14.0,1000,0,1,3,3,0,8,0
539,9553180.0,8,4,0,14.0,2000,0,0,3,3,0,6,0
540,34578180.0,4,4,0,15.6,512,0,0,3,3,0,2,1
541,12375818.0,8,4,10,15.6,512,0,1,3,3,0,6,1
542,11373180.0,16,8,10,15.6,512,0,1,3,3,0,6,0
543,10918180.0,16,5,10,14.0,512,0,1,3,3,1,6,0
544,8370180.0,8,4,10,11.6,512,0,1,3,3,0,4,0
545,14558180.0,8,4,10,15.6,512,0,1,3,3,0,4,1
546,9462180.0,8,4,10,15.6,1000,0,1,3,3,0,4,0
547,3456180.0,8,4,0,0.0,1000,0,0,3,3,0,12,0
548,13830180.0,8,4,0,0.0,256,0,0,3,3,0,9,1
549,28737800.0,8,4,10,16.0,512,0,1,3,3,1,2,1
550,7733180.0,16,5,10,15.6,512,0,1,3,3,0,4,0
551,7096180.0,8,4,0,14.0,512,0,0,3,3,1,8,0
552,25114180.0,8,4,10,14.0,512,0,1,2,3,0,1,0
553,21474180.0,16,4,10,15.6,256,0,1,3,3,0,2,0
554,15722980.0,8,4,10,15.6,512,0,1,3,3,0,4,1
555,3092180.0,8,5,0,15.6,256,0,0,3,3,0,12,0
556,7097818.0,8,4,10,15.6,512,0,1,3,3,0,6,0
557,23658180.0,4,4,10,14.0,512,0,1,3,3,0,15,0
558,43678180.0,8,4,10,14.0,512,0,1,3,3,0,2,0
559,10008180.0,32,5,0,15.6,2000,0,0,3,3,0,6,0
560,15923180.0,4,4,0,15.6,256,1000,0,3,0,0,6,1
561,16742180.0,8,4,8,15.6,512,0,1,3,3,0,2,0
562,11373180.0,8,3,10,11.6,512,0,1,3,3,0,4,0
563,9553180.0,16,5,0,14.0,512,0,0,3,3,0,6,0
564,35124180.0,16,4,10,13.4,512,0,1,3,3,1,8,1
565,25114180.0,4,4,10,14.0,512,0,1,3,3,0,2,1
566,16270800.0,8,4,0,15.6,512,0,0,3,3,0,2,1
567,10918180.0,16,4,7,13.0,512,0,1,3,3,0,6,0
568,12374180.0,32,5,10,14.0,512,0,1,3,3,0,4,0
569,25114180.0,8,4,10,15.6,512,0,1,3,3,0,1,0
570,31848180.0,8,4,10,15.6,512,0,1,3,3,0,8,0
571,3456180.0,16,4,10,11.6,512,0,1,2,3,0,12,0
572,5731180.0,8,3,10,15.6,512,0,1,3,3,0,8,0
573,6550180.0,8,4,10,13.0,512,0,1,3,3,0,2,0
574,7769580.0,8,4,0,16.0,512,0,0,3,3,0,4,0
575,6186180.0,32,4,10,15.6,512,0,1,3,3,0,8,0
576,16196180.0,8,4,10,15.6,1000,0,1,3,3,0,2,1
577,18018000.0,16,4,10,14.0,512,0,1,3,3,1,4,1
578,15832180.0,16,4,10,15.6,1000,0,1,3,3,0,2,0
579,3092180.0,16,4,8,0.0,1000,0,1,3,3,0,12,0
580,13102180.0,8,3,10,15.6,512,0,1,3,3,0,8,1
581,7179900.0,16,5,10,16.0,512,0,1,3,3,0,8,0
582,8370180.0,4,4,10,15.6,256,0,1,3,3,0,2,0
583,10008180.0,4,4,10,15.6,128,0,1,3,3,0,6,0
584,23658180.0,8,4,10,14.0,128,1000,1,3,0,0,9,0
585,33670000.0,8,4,10,15.0,512,0,1,3,3,0,2,1
586,27389180.0,8,4,10,13.3,512,0,1,3,3,0,0,1
587,9553180.0,16,4,10,14.0,512,0,1,3,3,1,6,0
588,12010180.0,16,4,10,11.6,512,0,1,3,3,0,2,0
589,7733180.0,16,4,10,15.6,512,0,1,3,3,0,8,0
590,10554180.0,4,4,0,15.6,512,0,0,3,3,0,0,0
591,10918180.0,8,4,10,15.6,512,0,1,3,3,0,6,0
592,3456180.0,8,4,10,15.0,512,0,1,3,3,0,8,0
593,20018180.0,8,4,0,15.6,512,0,0,3,3,0,1,0
594,20018180.0,8,4,10,15.6,512,0,1,3,3,0,2,0
595,3456180.0,16,5,10,14.0,1000,0,1,2,3,0,12,0
596,24022180.0,32,5,10,11.6,512,0,1,3,3,0,2,1
597,7041580.0,16,4,0,15.6,512,0,1,3,3,0,4,0
598,16378180.0,8,4,10,14.0,256,1000,1,3,0,0,2,1
599,7096180.0,8,4,10,15.6,512,0,1,3,3,0,8,0
600,7234500.0,8,4,0,15.6,512,0,0,3,3,0,4,0
601,6914180.0,8,4,10,16.0,1000,0,1,3,3,0,7,0
602,5805800.0,16,4,10,16.0,512,0,1,3,3,0,2,0
603,10008180.0,4,4,10,15.6,256,0,1,3,3,0,6,0
604,7041580.0,8,4,10,15.6,512,0,1,3,3,0,4,0
605,10190180.0,16,5,10,14.0,512,0,1,3,3,0,0,0
606,6914180.0,4,4,0,15.6,512,0,0,3,3,0,2,0
607,9553180.0,16,5,10,15.6,512,0,1,3,3,0,6,0
608,65518180.0,8,4,10,14.0,512,0,1,3,3,0,2,0
609,12647180.0,16,5,0,14.0,256,1000,1,3,0,1,8,0
610,13811980.0,8,4,10,13.3,512,0,1,3,3,0,4,1
611,10918180.0,8,4,0,15.6,512,0,0,3,3,0,6,0
612,7824180.0,8,4,10,11.6,512,0,1,3,3,0,4,0
613,11464180.0,8,4,10,13.4,512,0,1,3,3,1,8,0
614,10278996.0,8,4,0,15.6,512,0,0,3,3,0,8,0
615,3092180.0,8,4,0,15.6,512,0,1,3,3,0,12,0
616,11464180.0,8,4,0,15.6,512,0,0,3,3,0,4,0
617,10554180.0,8,4,10,15.6,512,0,1,3,3,0,6,1
618,12738180.0,8,4,7,14.0,512,0,1,3,3,0,14,0
619,20564180.0,32,5,10,14.0,512,0,1,3,3,0,6,1
620,8169980.0,8,4,0,15.6,512,0,0,3,3,0,4,0
621,9280180.0,16,4,10,15.6,512,0,1,3,3,0,8,0
622,19108180.0,16,4,10,15.6,512,0,1,3,3,0,2,0
623,10918180.0,8,4,10,15.6,1000,0,1,3,3,0,8,0
624,8169980.0,16,4,0,15.6,1000,0,0,3,3,0,4,0
625,9280180.0,8,4,10,17.3,512,0,1,3,3,0,8,0
626,19108180.0,4,4,0,15.6,128,0,0,3,3,0,2,0
627,3092180.0,8,4,10,15.6,512,0,1,3,3,0,12,0
628,13131300.0,8,4,10,14.0,512,0,1,3,3,0,2,0
629,26388180.0,16,4,0,0.0,512,0,0,3,3,0,15,0
630,23477636.0,16,4,10,15.6,512,0,1,3,3,0,8,1
631,10008180.0,8,4,10,15.6,256,0,1,3,3,0,6,0
632,19108180.0,8,4,10,11.6,512,0,1,3,3,0,2,0
633,9073064.0,16,5,0,14.0,256,1000,0,3,0,0,4,0
634,19108180.0,16,4,0,15.6,256,0,0,3,3,0,8,1
635,9553180.0,8,4,10,15.6,512,0,1,3,3,0,6,0
636,8916180.0,8,4,10,15.6,512,0,1,3,3,0,9,0
637,16736356.0,16,4,0,15.6,1000,0,0,3,3,0,4,0
638,30028180.0,4,4,10,14.0,4000,0,1,3,3,0,0,1
639,10918180.0,8,3,0,14.0,512,0,0,3,3,1,6,0
640,10372180.0,16,4,10,15.6,1000,0,1,3,3,0,2,1
641,10918180.0,16,4,0,15.6,512,0,0,3,3,0,0,0
642,12738180.0,8,4,10,14.0,1000,0,1,3,3,0,2,0
643,7279818.0,16,5,0,14.0,256,0,0,3,3,0,8,0
644,20584928.0,8,4,10,11.6,512,0,1,3,3,0,4,0
645,29118180.0,16,4,10,13.3,1000,0,1,3,3,0,2,0
646,29573180.0,8,4,8,16.0,256,0,1,3,3,1,1,0
647,20564180.0,8,4,10,16.0,512,0,1,3,3,0,6,1
648,9644180.0,16,4,10,15.6,512,0,1,3,3,0,9,1
649,13102180.0,16,5,8,13.3,512,0,1,2,3,0,2,0
650,19108180.0,16,4,8,15.6,1000,0,1,3,3,0,2,0
651,3092180.0,8,4,10,15.6,512,0,1,3,3,0,12,0
652,23658180.0,8,4,0,15.6,512,0,0,3,3,0,0,0
653,9826180.0,16,4,0,14.0,1000,0,0,3,3,0,4,0
654,7278180.0,8,4,10,14.0,2000,0,1,3,3,0,0,0
655,10008180.0,16,5,10,16.0,512,0,1,3,3,0,6,0
656,25503842.0,32,5,8,14.0,512,0,1,3,3,0,8,0
657,5822180.0,8,3,10,15.6,512,0,1,3,3,0,7,0
658,19819800.0,16,4,10,14.0,512,0,1,3,3,0,2,0
659,10918180.0,8,4,10,14.0,512,0,1,3,3,0,6,0
660,12647180.0,16,4,10,15.6,512,0,1,3,3,0,4,1
661,14012180.0,16,5,10,13.3,512,0,1,3,3,0,8,1
662,8370180.0,4,4,0,14.0,256,1000,1,3,0,1,4,0
663,9553180.0,16,5,10,13.3,512,0,1,3,3,0,6,0
664,15468180.0,8,4,10,15.6,256,0,1,3,3,0,0,0
665,4184180.0,4,4,10,15.6,512,0,1,3,3,0,6,0
666,13375180.0,8,4,10,13.3,512,0,1,3,3,0,4,1
667,3456180.0,16,4,10,14.0,1000,0,1,3,3,1,12,0
668,6550180.0,8,4,10,11.6,512,0,1,3,3,0,2,0
669,16924180.0,16,5,10,14.0,512,0,1,3,3,1,0,1
670,8826818.0,16,4,10,15.6,256,0,1,3,3,0,6,0
671,7279818.0,8,4,0,15.6,512,0,0,3,3,0,8,0
672,19108180.0,8,4,0,15.6,256,0,0,3,3,0,2,0
673,20018180.0,4,4,10,15.0,512,0,1,3,3,0,2,0
674,12010180.0,8,4,0,15.6,1000,0,0,3,3,0,2,0
675,8003450.0,16,4,10,15.6,512,0,1,3,3,0,8,0
676,15197000.0,4,4,0,14.0,1000,0,0,3,3,0,2,0
677,23658180.0,8,4,10,15.6,512,0,1,3,3,0,9,1
678,4366180.0,4,4,10,15.6,128,0,1,3,3,0,6,0
679,3092180.0,8,4,10,15.6,512,0,1,3,3,0,12,0
680,12738180.0,16,5,10,15.6,512,0,1,3,3,0,9,0
681,7824180.0,8,4,0,14.0,512,0,0,3,3,1,6,0
682,13466180.0,8,4,10,14.0,512,0,1,3,3,1,0,1
683,10008180.0,16,5,0,15.6,256,1000,0,3,0,0,6,0
684,6639360.0,16,5,0,11.6,256,1000,0,3,0,0,8,0
685,4277000.0,16,4,0,15.6,512,0,1,3,3,0,0,0
686,11464180.0,8,4,10,15.6,1000,0,1,3,3,0,2,0
687,12192180.0,16,4,8,15.6,512,0,1,0,3,0,9,1
688,21838180.0,16,5,0,15.6,1000,0,0,3,3,0,0,0
689,19250140.0,4,4,10,14.0,512,0,1,3,3,0,8,0
690,10372180.0,4,4,10,14.0,512,0,1,3,3,1,2,0
691,17652180.0,16,4,0,15.6,1000,0,0,3,3,0,9,1
692,72798180.0,8,4,10,15.6,1000,0,1,3,3,0,2,0
693,7824180.0,16,4,10,15.6,1000,0,1,3,3,0,0,0
694,15806700.0,8,4,10,17.3,512,0,1,3,3,0,2,1
695,14376180.0,8,4,0,15.6,512,0,0,3,3,0,9,1
696,27480180.0,4,4,10,11.6,1000,0,1,3,3,0,2,0
697,6914180.0,16,4,10,14.0,1000,0,1,3,3,0,8,0
698,13285818.0,16,4,0,14.0,512,0,0,3,3,0,4,0
699,3092180.0,8,3,10,15.6,1000,0,1,3,3,0,12,0
700,26570180.0,16,5,0,15.6,512,0,0,3,3,0,2,0
701,10008180.0,8,5,10,15.6,128,0,1,0,3,0,6,0
702,7805980.0,16,5,10,15.6,512,0,1,3,3,0,4,0
703,7279818.0,32,5,0,16.0,512,0,0,3,3,0,8,0
704,18361798.0,8,4,10,15.6,1000,0,1,3,3,0,6,1
705,26570180.0,16,4,10,14.0,1000,0,1,3,3,1,2,1
706,5458180.0,8,5,10,14.0,256,0,1,3,3,0,7,0
707,10008180.0,16,5,0,15.6,512,0,0,3,3,0,6,0
708,29118180.0,8,4,10,15.6,512,0,1,3,3,0,8,1
709,55508180.0,16,4,0,17.3,1000,0,0,3,3,0,2,0
710,12556180.0,4,4,0,15.6,512,0,0,3,3,0,2,1
711,9553180.0,16,5,10,15.6,1000,0,1,3,3,0,6,0
712,7096180.0,8,4,0,15.6,512,0,0,3,3,0,2,0
713,7460180.0,8,4,0,15.6,1000,0,0,3,3,0,2,0
714,12738180.0,8,4,10,15.6,1000,0,1,3,3,0,2,0
715,10918180.0,16,5,10,16.0,512,0,1,3,3,0,6,0
716,17453800.0,16,5,10,11.6,512,0,1,3,3,0,6,1
717,17106180.0,8,4,0,15.6,512,0,0,3,3,0,2,0
718,12920180.0,8,4,0,14.0,256,1000,0,3,0,0,0,1
719,6186180.0,16,5,0,15.6,512,0,0,3,3,0,8,0
720,13648180.0,32,5,10,15.6,512,0,1,3,3,0,8,0
721,16924180.0,8,4,0,16.1,1000,0,0,3,3,0,0,1
722,40038180.0,8,4,10,15.6,512,0,1,3,3,0,2,0
723,3092180.0,8,4,10,15.6,1000,0,1,3,3,0,12,0
724,14012180.0,8,4,0,15.6,1000,0,0,3,3,0,8,0
725,16378180.0,16,4,0,16.0,512,0,0,3,3,0,2,0
726,6550180.0,16,4,10,16.0,128,0,1,3,3,0,8,0
727,10008180.0,16,4,7,15.6,512,0,1,3,3,0,6,0
728,24859380.0,8,4,10,15.6,512,0,1,3,3,0,15,0
729,11920818.0,8,4,10,14.0,512,0,1,3,3,0,6,0
730,8188180.0,8,4,10,14.0,512,0,1,3,3,0,3,0
731,9553180.0,8,4,10,14.0,512,0,1,3,3,0,6,0
732,44861180.0,8,4,0,14.0,256,1000,0,3,0,0,4,1
733,13102180.0,32,5,8,15.6,512,0,1,3,3,0,2,1
734,4184180.0,4,4,10,14.0,512,0,1,3,3,0,7,0
735,10918180.0,8,4,0,15.6,1000,0,1,3,3,0,6,0
736,12010180.0,16,4,10,15.0,512,0,1,3,3,0,9,1
737,43636138.0,4,4,8,13.3,512,0,1,3,3,0,15,0
738,10191818.0,8,4,0,15.6,512,0,0,3,3,0,4,0
739,12192180.0,8,4,10,16.0,512,0,1,3,3,0,9,1
740,11646180.0,8,4,10,11.6,512,0,1,3,3,0,9,1
741,17834180.0,16,4,0,15.5,512,0,0,3,3,0,2,0
742,25933362.0,8,4,0,14.0,512,0,1,3,3,0,8,1
743,8003450.0,32,5,10,15.6,128,1000,1,3,0,0,8,0
744,78622180.0,8,4,10,15.6,512,0,1,3,3,0,2,0
745,9735180.0,4,4,0,13.3,512,0,0,3,3,1,4,0
746,11373180.0,16,4,10,15.6,256,1000,1,3,0,0,4,0
747,3092180.0,8,4,10,14.0,256,1000,1,3,0,0,12,0
748,23658180.0,16,3,10,15.6,512,0,1,3,3,0,0,1
749,79714180.0,8,4,10,14.0,512,0,1,3,3,0,2,0
750,30938180.0,16,4,10,17.3,1000,0,1,3,3,0,2,0
751,10008180.0,8,4,0,14.0,512,0,0,3,3,0,6,0
752,23658180.0,16,5,0,14.0,512,0,0,3,3,0,2,0
753,27844180.0,8,5,10,15.6,512,0,1,3,3,0,2,0
754,25478180.0,8,4,8,13.3,512,0,1,3,3,1,2,0
755,9553180.0,16,4,10,15.6,512,0,1,3,3,0,6,0
756,43678180.0,8,4,10,15.6,512,0,1,3,3,0,2,0
757,16924180.0,16,4,10,15.6,1000,0,1,3,3,0,4,1
758,3092180.0,4,4,10,14.0,256,0,1,3,3,0,3,0
759,10918180.0,16,5,10,16.0,512,0,1,3,3,0,6,0
760,31757180.0,16,5,10,15.6,256,0,1,3,3,0,9,1
761,31848180.0,16,4,0,15.6,1000,0,1,3,3,0,2,0
762,38218180.0,8,4,0,15.6,256,0,0,3,3,0,2,0
763,6186180.0,16,4,0,16.0,1000,0,0,3,3,0,8,0
764,15104180.0,16,5,0,11.6,512,0,0,3,3,0,0,1
765,6914180.0,16,5,0,16.0,512,0,0,3,3,0,2,0
766,32758180.0,8,4,0,17.3,512,0,1,3,3,0,2,0
767,7096180.0,32,4,10,16.0,512,0,1,3,3,0,8,0
768,25478180.0,16,8,10,15.6,512,0,1,3,3,0,2,0
769,21110180.0,16,5,10,15.6,256,1000,1,3,0,0,2,0
770,3092180.0,4,4,10,16.0,512,0,1,3,3,0,12,0
771,3456180.0,16,4,10,16.0,512,0,1,3,3,0,12,0
772,15468180.0,16,4,10,15.6,1000,0,1,3,3,0,2,1
773,78622180.0,16,5,10,13.4,512,0,1,3,3,1,2,0
774,9735180.0,16,5,0,15.6,256,1000,0,3,0,0,4,0
775,11373180.0,8,4,0,0.0,256,1000,0,3,0,0,4,0
776,10008180.0,16,5,10,0.0,512,0,1,3,3,0,6,0
777,12192180.0,8,4,0,14.0,1000,0,0,3,3,0,9,1
778,19108180.0,16,4,10,14.0,512,0,0,3,3,0,4,1
779,6732180.0,8,4,0,15.6,1000,0,1,3,3,0,0,0
780,17652180.0,16,5,10,17.3,512,0,1,3,3,0,9,1
781,14376180.0,16,4,10,13.4,128,0,1,3,3,0,9,1
782,27480180.0,4,4,10,15.0,512,0,1,3,3,0,2,0
783,29120000.0,4,4,0,15.6,512,0,0,3,3,0,2,0
784,19927180.0,8,4,0,15.6,256,1000,0,3,0,0,4,1
785,18198180.0,16,4,0,16.0,0,1000,1,3,1,0,16,0
786,14922180.0,8,4,0,15.6,512,0,0,3,3,0,9,1
787,11828180.0,16,4,10,16.0,512,0,1,3,3,0,6,1
788,14558180.0,8,4,10,15.6,512,0,1,3,3,0,6,1
789,12010180.0,16,4,10,11.6,512,0,1,3,3,0,0,1
790,7279818.0,16,4,10,11.6,2000,0,1,3,3,0,8,0
791,15468180.0,8,4,10,15.6,512,0,1,3,3,0,9,1
792,11282180.0,16,5,10,15.6,1000,0,1,3,3,0,8,0
793,18198180.0,8,5,0,15.6,16,0,0,3,3,0,2,0
794,12010180.0,16,5,10,16.0,512,0,1,3,3,0,2,1
795,3092180.0,16,5,10,15.6,512,0,1,3,3,0,12,0
796,26298818.0,16,5,10,15.6,512,0,1,3,3,0,15,0
797,9644180.0,8,4,10,15.6,512,0,0,3,3,0,16,0
798,9275266.0,16,5,8,15.6,512,0,1,3,3,0,4,0
799,3456180.0,16,4,10,15.6,256,0,1,3,3,0,12,0
800,14558180.0,16,4,10,15.6,512,0,1,3,3,0,14,1
801,7278180.0,8,4,0,15.6,512,0,1,3,3,0,6,0
802,11646180.0,8,4,10,15.6,512,0,1,3,3,0,2,0
803,10008180.0,16,4,10,15.6,512,0,1,3,3,0,6,0
804,20564180.0,8,4,10,15.0,512,0,1,3,3,1,9,1
805,12192180.0,16,5,9,15.6,512,0,1,3,3,0,2,0
806,6186180.0,8,4,10,15.0,256,0,1,3,3,0,2,0
807,12192180.0,4,4,10,15.6,256,0,1,3,3,0,9,1
808,11984700.0,16,4,10,15.6,512,0,1,3,3,0,2,1
809,7334600.0,8,4,0,15.6,512,0,0,3,3,0,8,0
810,11828180.0,8,4,10,15.6,512,0,0,3,3,0,0,0
811,17652180.0,4,4,5,14.0,512,0,0,3,3,1,9,1
812,14430780.0,8,4,8,13.3,256,0,1,3,3,1,0,0
813,27298180.0,8,5,10,15.6,512,0,1,3,3,0,9,1
814,11282180.0,16,4,10,11.6,512,0,1,3,3,0,2,0
815,14376180.0,8,4,10,16.0,256,0,1,3,3,1,9,1
816,3092180.0,16,4,0,15.6,512,0,0,3,3,0,12,0
817,10008180.0,16,4,10,15.6,512,0,1,3,3,0,6,0
818,32940180.0,8,4,10,11.6,512,0,1,3,3,0,2,0
819,5823818.0,16,4,10,15.6,1000,0,1,3,3,0,6,0
820,3456180.0,8,4,10,15.6,512,0,1,3,3,0,12,0
821,9553180.0,8,4,10,15.6,256,0,1,3,3,0,6,0
822,9463818.0,8,3,10,15.6,512,0,1,3,3,0,8,0
823,42768180.0,16,5,10,15.6,1000,0,1,3,3,0,2,0
824,7569380.0,8,4,10,14.0,512,0,1,3,3,1,4,0
825,17652180.0,16,4,10,14.0,512,0,1,3,3,0,9,1
826,7279818.0,16,4,10,15.6,512,0,1,3,3,0,8,0
827,10918180.0,8,5,10,15.6,256,1000,1,3,0,0,6,0
828,14922180.0,4,4,10,15.6,512,0,1,3,3,0,9,1
829,19291818.0,8,4,10,14.0,512,0,1,3,3,0,6,1
830,8003450.0,16,4,0,15.6,1000,0,0,3,3,0,8,0
831,12192180.0,8,4,10,14.0,1000,0,1,3,3,1,9,1
832,14376180.0,4,4,10,15.6,512,0,1,3,3,0,2,0
833,16196180.0,8,4,10,15.6,1000,0,1,3,3,0,9,1
834,15832180.0,8,4,10,15.6,1000,0,1,3,3,0,9,1
835,14376180.0,32,4,7,11.6,512,0,1,3,3,0,9,1
836,15468180.0,8,4,10,15.6,512,0,1,3,3,0,9,1
837,17652180.0,16,5,0,14.0,512,0,1,3,3,0,9,1
838,21474180.0,8,4,10,14.0,512,0,1,3,3,0,2,0
839,4184180.0,16,4,10,11.6,512,0,1,3,3,0,6,0
840,27662180.0,16,5,0,15.6,256,0,0,3,3,0,2,1
841,5276180.0,16,5,10,14.0,512,0,1,3,3,1,6,0
842,30392180.0,8,4,10,13.4,512,0,1,3,3,1,2,0
843,3092180.0,16,4,10,15.6,512,0,1,3,3,0,12,0
844,13648180.0,8,4,8,15.6,512,0,1,3,3,0,2,0
845,3092180.0,8,5,0,15.6,512,0,0,3,3,0,3,0
846,15650180.0,16,5,10,14.0,512,0,1,3,3,0,2,0
847,10008180.0,8,5,10,15.6,512,0,1,3,3,0,6,0
848,6277180.0,16,4,10,16.1,512,0,1,3,3,0,6,0
849,8240960.0,16,4,10,15.6,256,0,1,3,3,0,6,0
850,11828180.0,16,5,10,15.6,512,0,1,3,3,0,14,0
851,9553180.0,4,4,10,14.0,256,0,1,3,3,0,6,0
852,14558180.0,32,5,0,15.6,512,0,0,3,3,0,2,0
853,11282180.0,8,4,10,15.6,512,0,1,3,3,0,2,0
854,67338180.0,16,5,0,15.6,512,0,0,0,3,0,2,0
855,10918180.0,4,4,0,15.6,512,0,0,3,3,0,6,0
856,41494180.0,16,4,10,15.6,0,2000,1,3,1,0,2,0
857,14376180.0,4,4,10,14.0,1000,0,1,3,3,0,2,0
858,3820180.0,16,5,10,14.0,512,0,1,3,3,1,2,0
859,7096180.0,8,4,8,13.4,512,0,1,3,3,1,8,0
860,18653180.0,8,4,0,14.0,1000,0,0,3,3,0,9,1
861,18436418.0,8,4,10,15.6,512,0,1,3,3,0,16,0
862,15015000.0,16,4,0,11.6,512,0,0,3,3,0,6,0
863,8003450.0,8,4,10,14.0,512,0,1,3,3,1,8,0
864,7643818.0,16,4,0,14.0,1000,0,1,3,3,0,0,0
865,7460180.0,16,4,10,14.0,1000,0,1,3,3,0,8,0
866,12818260.0,32,5,0,15.6,512,0,0,3,3,0,4,1
867,3092180.0,16,4,10,15.6,1000,0,1,3,3,0,12,0
868,16014180.0,16,5,0,14.0,512,0,0,3,3,0,2,1
869,34305180.0,16,4,10,15.6,0,1000,1,3,1,0,17,1
870,18926180.0,4,4,7,15.6,512,0,1,3,3,0,6,0
871,10008180.0,8,4,10,14.0,512,0,1,3,3,1,6,0
872,6550180.0,16,4,0,15.6,0,1000,0,3,1,0,7,0
873,7278180.0,8,5,10,16.0,512,0,1,3,3,0,4,0
874,11100180.0,8,4,0,14.0,1000,0,1,3,3,0,14,0
875,9553180.0,8,4,0,13.4,1000,0,0,3,3,1,6,0
876,10554180.0,4,4,8,14.0,512,0,1,3,3,0,6,0
877,15832180.0,8,5,0,11.6,512,0,0,3,3,0,2,1
878,12738180.0,8,4,10,15.6,1000,0,1,3,3,0,6,0
879,10918180.0,4,4,10,15.6,512,0,1,3,3,0,6,0
880,10918180.0,16,4,10,0.0,512,0,1,3,3,0,7,0
881,5496400.0,16,4,10,13.3,0,1000,1,3,1,1,6,0
882,10463180.0,16,4,10,15.6,512,0,1,3,3,0,6,0
883,7279818.0,8,4,10,14.0,1000,0,1,3,3,0,8,0
884,14248780.0,8,4,10,15.6,256,1000,1,3,0,0,4,1
885,30119180.0,8,4,10,15.6,512,0,1,3,3,0,8,1
886,11265800.0,8,4,10,11.6,512,0,0,3,3,0,4,0
887,6186180.0,8,4,0,15.6,0,1000,0,3,1,0,8,0
888,11265800.0,8,4,10,15.6,512,0,1,3,3,0,4,0
889,23658180.0,16,5,8,15.6,512,0,1,3,3,0,2,0
890,11020100.0,8,3,10,13.3,512,0,1,3,3,1,2,1
891,3092180.0,16,4,10,15.6,0,1000,1,3,1,0,12,0
892,11282180.0,16,5,10,14.0,256,1000,1,3,0,0,2,1
893,12192180.0,8,4,10,14.0,512,0,1,3,3,0,2,0
894,10918180.0,8,4,10,15.6,256,1000,1,3,0,0,2,0
895,10008180.0,8,4,8,15.6,512,0,1,3,3,0,6,0
896,17745000.0,16,4,0,15.6,512,0,0,3,3,0,6,1
897,27662180.0,16,4,8,15.6,512,0,1,3,3,0,2,0
898,30028180.0,16,4,10,13.3,512,0,1,3,3,0,8,1
899,9553180.0,8,4,10,14.0,512,0,1,3,3,0,6,0
900,24024000.0,16,4,0,15.6,0,1000,3,3,1,0,0,1
901,23658180.0,16,5,0,14.0,512,0,3,3,3,0,4,1
902,13648180.0,16,4,0,14.0,512,0,3,3,3,0,0,1
903,10918180.0,4,4,0,15.6,512,0,3,3,3,0,6,0
904,10009818.0,8,4,0,15.6,512,0,3,3,3,0,4,0
905,11464180.0,8,3,0,15.6,1000,0,3,3,3,0,8,1
906,13102180.0,16,4,0,14.0,512,0,3,3,3,0,0,1
907,6186180.0,8,4,0,15.0,512,0,3,3,3,0,8,0
908,7277816.0,16,4,0,14.0,512,0,3,3,3,0,8,0
909,8552180.0,16,5,0,15.6,512,0,3,3,3,0,8,0
910,12918360.0,16,5,0,15.6,512,0,3,3,3,0,6,1
911,8003450.0,8,4,0,11.6,0,0,3,3,2,0,8,0
912,20930000.0,16,4,0,15.6,0,0,3,3,2,0,2,0
913,13011180.0,16,4,0,13.3,0,0,3,3,2,0,4,1
914,8369816.0,16,4,0,15.6,0,0,3,3,2,0,8,0
915,3092180.0,16,4,0,15.6,0,0,3,3,2,0,12,0
916,6914180.0,8,4,0,15.6,0,0,3,3,2,0,8,0
917,7279818.0,8,4,0,16.0,0,0,3,3,2,1,4,0
918,3820180.0,8,4,0,10.0,0,0,3,3,2,0,6,0
919,10008180.0,8,4,0,15.6,0,0,3,3,2,0,6,0
920,7735000.0,8,4,0,15.6,0,0,3,3,2,0,4,0
921,9827818.0,8,4,0,15.6,0,0,3,3,2,0,6,1
922,17653818.0,8,4,0,15.6,0,0,3,3,2,0,4,1
923,9553180.0,8,4,0,15.6,0,0,3,0,2,0,6,0
924,6732180.0,16,5,0,14.0,0,0,3,3,2,0,7,0
925,11797422.0,8,5,0,14.0,0,0,3,3,2,1,8,1
926,17288180.0,8,4,0,15.6,0,0,3,3,2,0,2,0
927,10918180.0,4,4,0,15.6,0,0,3,3,2,0,6,0
928,12647180.0,8,4,0,15.0,0,0,3,3,2,0,4,0
929,21292180.0,8,4,0,15.6,0,0,3,3,2,0,2,0
930,10099180.0,8,4,0,13.0,0,0,3,3,2,0,6,0
931,7096180.0,4,4,0,15.6,0,0,3,3,2,0,8,0
932,6732180.0,8,4,0,15.6,0,0,3,3,2,0,7,0
933,9553180.0,8,4,0,14.0,0,0,3,3,2,1,4,0
934,29118180.0,8,4,0,15.6,0,0,3,3,2,0,9,1
935,8003450.0,16,4,0,15.6,0,0,3,3,2,0,8,0
936,17288180.0,8,4,0,11.6,0,0,3,3,2,0,2,0
937,20018180.0,16,4,0,14.0,0,0,3,3,2,0,2,0
938,10463180.0,8,4,0,14.0,0,0,3,3,2,0,2,0
939,3092180.0,16,5,0,14.0,0,0,3,3,2,0,12,0
940,31848180.0,16,4,0,14.0,0,0,3,3,2,1,2,0
941,20928180.0,8,4,0,15.6,0,0,3,3,2,0,4,0
942,5823818.0,16,5,0,14.0,0,0,3,3,2,0,6,0
943,10008180.0,8,4,0,15.6,0,0,3,3,2,0,6,0
944,31302180.0,8,4,0,15.6,0,0,3,3,2,0,2,0
945,54054000.0,16,4,0,15.6,0,0,3,3,2,0,4,1
946,3820180.0,8,4,0,14.0,0,0,3,3,2,0,0,0
947,9553180.0,16,4,0,15.6,0,0,3,3,2,0,6,0
948,11011000.0,8,4,0,13.4,0,0,3,3,2,1,6,1
949,36399818.0,16,5,0,14.0,0,0,3,3,2,0,2,0
950,9427600.0,8,3,0,16.0,0,0,3,3,2,0,2,0
951,10918180.0,8,4,0,14.0,0,0,3,3,2,1,6,0
952,12192180.0,4,4,0,15.6,0,0,3,3,2,0,4,1
953,17106180.0,16,5,0,15.6,0,0,3,3,2,0,6,0
954,25152400.0,16,3,0,14.0,0,0,3,3,2,0,6,1
955,12192180.0,8,4,0,15.6,0,0,3,3,2,0,9,1
956,12270440.0,8,4,0,16.0,0,0,3,3,2,0,2,0
957,11282180.0,16,5,0,15.6,0,0,3,3,2,0,2,0
958,8461180.0,32,4,0,13.4,0,0,3,3,2,1,4,1
959,8003450.0,4,4,0,14.0,0,0,3,3,2,0,8,0
960,20464080.0,8,4,0,14.0,0,0,3,3,2,0,2,0
961,16250780.0,8,4,0,11.6,0,0,3,3,2,0,4,1
962,7642180.0,16,5,0,16.0,0,0,3,3,2,0,4,0
963,3092180.0,8,4,0,13.3,0,0,3,3,2,0,12,0
964,11100180.0,16,4,0,14.0,0,0,3,3,2,0,4,0
965,9462180.0,8,4,0,15.6,0,0,3,0,2,0,2,0
966,8060780.0,16,4,0,16.0,0,0,3,3,2,1,4,0
967,10008180.0,16,5,0,17.3,0,0,3,3,2,0,6,0
968,13648180.0,16,4,0,14.0,0,0,3,3,2,0,0,1
969,12374180.0,16,4,0,15.6,0,0,3,3,2,0,2,0
970,7279818.0,16,5,0,15.6,0,0,3,3,2,0,2,0
971,9553180.0,8,4,0,16.0,0,0,3,3,2,0,6,0
972,9553180.0,8,4,0,14.0,0,0,3,3,2,0,8,1
973,8370180.0,16,5,0,14.0,0,0,3,3,2,0,2,0
974,18946200.0,16,4,0,15.6,0,0,3,3,2,0,4,0
975,10918180.0,8,4,0,13.3,0,0,3,3,2,1,6,0
976,10918180.0,4,4,0,16.1,0,0,3,3,2,0,4,0
977,25114180.0,8,4,0,15.6,0,0,3,3,2,0,15,0
978,9189180.0,8,5,0,15.6,0,0,3,3,2,0,2,0
979,8003450.0,4,4,0,15.6,0,0,3,3,2,0,8,0
980,15652000.0,8,4,0,15.6,0,0,3,3,2,0,8,0
981,10173800.0,8,4,0,15.6,0,0,3,3,2,0,4,0
982,7096180.0,16,4,0,14.0,0,0,3,3,2,1,7,0
983,18744180.0,8,4,10,13.3,512,0,1,3,3,1,15,0
984,10190180.0,8,4,8,14.0,512,0,1,3,3,0,2,1
985,10372180.0,8,4,9,15.6,512,0,1,3,3,0,0,1
986,7824180.0,8,4,2,14.0,512,0,0,3,3,0,2,0
987,9644180.0,8,4,10,14.0,512,0,1,3,3,0,6,0
988,10918180.0,8,4,10,14.0,256,1000,1,3,0,0,2,1
989,11828180.0,8,4,9,15.6,256,1000,1,3,0,0,2,1
990,17288180.0,8,4,10,15.6,1000,0,1,3,3,0,2,1
991,13830180.0,16,4,9,15.6,512,0,1,3,3,0,2,1
992,9826180.0,8,4,8,14.0,256,1000,1,3,0,0,2,0
993,9280180.0,4,4,10,14.0,256,0,1,3,3,1,6,0
994,15468180.0,8,4,9,15.6,512,1000,1,3,0,0,4,1
995,10008180.0,8,4,0,15.6,0,1000,0,3,1,0,6,1
996,8734180.0,8,3,8,14.0,256,0,1,3,3,0,2,0
997,10008180.0,8,4,8,14.0,512,0,1,3,3,0,0,1
998,10918180.0,8,4,10,14.0,128,1000,1,3,0,0,8,0
999,9644180.0,8,4,10,15.6,512,0,1,3,3,0,2,1
1000,8552180.0,8,4,3,14.0,256,1000,0,3,0,0,6,0
1001,10918180.0,8,4,10,14.0,256,1000,1,3,0,0,2,1
1002,9644180.0,8,4,10,15.6,512,0,1,3,3,0,2,1
1003,11646180.0,8,4,10,14.0,256,1000,1,3,0,0,6,0
1004,11100180.0,8,4,9,15.6,512,0,1,3,3,0,9,1
1005,10918180.0,8,4,8,15.6,512,0,1,3,3,0,2,1
1006,10008180.0,8,4,8,13.3,512,0,1,3,3,0,0,0
1007,10008180.0,8,4,8,14.0,512,0,1,3,3,0,2,0
1008,12010180.0,8,4,10,15.6,256,1000,1,3,0,0,8,1
1009,15650180.0,8,4,0,15.6,512,0,0,3,3,0,6,1
1010,9553180.0,4,4,10,15.6,256,1000,1,3,0,0,6,0
1011,14376180.0,8,4,10,15.6,256,1000,1,3,0,0,8,1
1012,10008180.0,8,4,8,14.0,512,0,1,3,3,0,0,1
1013,16378180.0,16,4,8,15.6,128,1000,1,3,0,0,0,1
1014,13466180.0,8,4,10,14.0,256,1000,1,3,0,1,6,0
1015,10918180.0,8,4,10,14.0,256,1000,1,3,0,0,2,1
1016,8734180.0,8,3,8,14.0,256,0,1,3,3,0,2,0
1017,31831800.0,16,4,10,13.0,512,0,1,2,3,0,1,0
1018,10008180.0,8,4,8,14.0,512,0,1,3,3,0,2,0
1019,10190180.0,8,4,10,14.0,256,1000,1,3,0,0,2,0
1020,11282180.0,8,4,0,15.6,512,0,0,3,3,0,0,1
1021,10372180.0,8,4,10,14.0,256,1000,1,3,0,0,8,0
1022,15104180.0,8,4,10,15.6,256,1000,1,3,0,0,8,1
1023,10817534.0,4,4,10,14.0,256,1000,1,3,0,1,4,0
1024,8146320.0,8,4,8,15.6,0,1000,1,3,1,0,2,1
1025,10190180.0,8,4,8,14.0,512,0,1,3,3,0,2,1
1026,18198180.0,16,4,9,15.6,512,0,1,3,3,0,9,1
1027,8370180.0,8,4,8,15.6,0,1000,1,3,1,0,8,0
1028,9462180.0,4,4,10,14.0,512,0,1,3,3,1,2,0
1029,6051500.0,4,4,0,15.6,0,1000,0,3,1,0,6,0
1030,13540254.0,8,3,5,13.3,128,0,1,2,3,0,1,0
1031,10190180.0,8,4,8,14.0,512,0,1,3,3,0,2,1
1032,9644180.0,8,4,10,15.6,512,0,1,3,3,0,6,0
1033,15104180.0,8,4,10,15.6,256,1000,1,3,0,0,8,1
1034,18744180.0,8,4,10,13.3,512,0,1,3,3,1,15,0
1035,17591574.0,8,4,10,13.0,128,0,1,3,3,1,16,0
1036,13284180.0,8,4,10,14.0,512,0,1,3,3,0,6,0
1037,9462180.0,4,4,10,14.0,512,0,1,3,3,1,2,0
1038,10008180.0,8,3,8,14.0,256,0,1,3,3,0,2,0
1039,17652180.0,8,4,9,17.3,256,2000,1,3,0,0,0,1
1040,10372180.0,8,4,10,14.0,512,0,1,3,3,0,2,0
1041,5458180.0,4,4,8,15.6,0,1000,1,0,1,0,8,0
1042,7642180.0,8,3,0,13.3,256,0,1,3,3,0,10,0
1043,9826180.0,8,4,8,14.0,256,1000,1,3,0,0,2,0
1044,36381800.0,16,4,9,16.0,512,0,1,2,3,0,1,1
1045,11828180.0,8,3,8,14.0,256,0,1,3,3,1,0,0
1046,13830180.0,8,4,0,15.6,512,0,0,3,3,0,6,1
1047,10554180.0,8,4,0,15.6,512,0,0,3,3,0,6,0
1048,8370180.0,4,4,8,13.3,256,0,1,3,3,0,0,0
1049,17591574.0,8,4,0,13.0,128,0,2,3,3,1,16,0
1050,35471800.0,16,4,10,13.0,1000,0,1,2,3,0,1,0
1051,9462180.0,8,4,0,15.6,128,1000,0,3,0,0,6,1
1052,9644180.0,8,4,10,14.0,0,2000,1,3,1,0,6,0
1053,6914180.0,4,4,8,15.6,0,1000,1,3,1,0,6,1
1054,13466180.0,8,4,9,15.6,256,1000,1,3,0,0,8,1
1055,9462180.0,8,4,0,15.6,128,1000,0,3,0,0,6,1
1056,31886400.0,16,4,10,13.3,1000,0,1,3,3,1,15,0
1057,9098180.0,8,4,10,15.6,256,1000,1,3,0,0,8,0
1058,12738180.0,8,4,8,15.6,0,1000,1,3,1,0,0,1
1059,8006180.0,4,4,7,15.6,0,1000,1,3,1,0,8,0
1060,13633620.0,8,4,2,14.0,512,0,0,3,3,1,2,0
1061,5458180.0,4,4,8,15.6,0,1000,1,0,1,0,8,0
1062,6859580.0,4,4,10,15.6,0,1000,1,3,1,0,6,0
1063,4912180.0,4,4,0,14.0,0,1000,0,3,1,0,2,0
1064,4990440.0,4,4,0,14.0,0,1000,1,3,1,0,0,0
1065,5458180.0,4,4,0,15.6,0,1000,0,3,1,0,6,0
1066,7460180.0,8,4,10,14.0,0,1000,1,3,1,0,8,0
1067,9802338.0,8,4,10,14.0,256,1000,1,3,0,0,4,0
1068,8779680.0,4,4,8,14.0,256,0,1,3,3,1,6,0
1069,7642180.0,8,3,7,14.0,128,0,1,3,3,0,3,0
1070,10918180.0,8,4,0,15.6,512,0,0,3,3,0,6,1
1071,18198180.0,8,3,10,14.0,512,0,1,3,3,0,2,1
1072,9826180.0,8,4,10,15.6,256,1000,1,3,0,0,6,0
1073,9644180.0,8,4,10,15.6,512,0,1,3,3,0,6,0
1074,20564180.0,8,3,7,12.0,256,0,1,2,3,0,1,0
1075,44442762.0,32,4,9,15.6,1000,0,1,3,3,1,2,1
1076,6277180.0,4,4,10,14.0,256,0,1,3,3,0,6,0
1077,6004180.0,4,4,10,14.0,0,1000,1,3,1,0,8,0
1078,13284180.0,8,4,8,15.6,512,0,1,3,3,0,2,1
1079,15189356.0,8,4,8,13.3,512,0,1,3,3,0,8,0
1080,8526700.0,8,4,10,15.6,0,1000,1,3,1,0,6,0
1081,43661800.0,16,4,9,16.0,1000,0,1,2,3,0,1,1
1082,18744180.0,8,4,10,13.3,512,0,1,3,3,1,15,0
1083,14805882.0,8,3,8,13.3,512,0,1,3,3,0,2,0
1084,10190180.0,8,4,10,14.0,256,1000,1,3,0,0,2,0
1085,10035298.0,4,4,8,15.6,0,1000,1,3,1,0,8,1
1086,10190180.0,8,4,8,14.0,512,0,1,3,3,0,2,1
1087,34578180.0,16,4,8,17.3,512,1000,1,3,0,0,17,1
1088,7025018.0,4,3,0,10.0,128,0,1,3,3,1,16,0
1089,17107818.0,8,4,0,15.0,128,0,0,3,3,1,16,0
1090,8734180.0,8,4,0,15.6,256,1000,0,3,0,0,2,0
1091,6550180.0,4,4,10,14.0,256,0,1,3,3,0,2,0
1092,10008180.0,8,4,8,14.0,512,0,1,3,3,0,0,1
1093,6004180.0,4,4,7,15.6,0,1000,1,3,1,0,8,0
1094,7278180.0,4,4,10,15.6,0,1000,1,3,1,0,6,0
1095,6550180.0,4,4,10,14.0,256,0,1,3,3,0,2,0
1096,8734180.0,8,3,8,14.0,256,0,1,3,3,0,2,0
1097,4730180.0,4,4,0,15.6,0,1000,0,3,1,0,6,0
1098,9826180.0,8,4,8,14.0,256,1000,1,3,0,0,2,0
1099,8006180.0,8,4,8,14.0,0,1000,1,1,1,0,4,1
1100,10372180.0,8,4,9,15.6,0,1000,1,3,1,0,8,1
1101,10554180.0,8,4,10,15.6,512,0,1,3,3,0,0,1
1102,13102180.0,8,4,9,15.6,1000,0,1,3,3,0,2,1
1103,18198180.0,8,3,10,14.0,512,0,1,3,3,0,2,1
1104,9462180.0,8,4,0,15.6,128,1000,0,3,0,0,6,1
1105,7460180.0,8,4,10,14.0,0,1000,1,3,1,0,8,0
1106,15468180.0,8,4,9,15.6,256,2000,1,3,0,0,0,1
1107,10035298.0,4,4,8,15.6,0,1000,1,3,1,0,8,1
1108,43661800.0,16,4,9,16.0,1000,0,1,2,3,0,1,1
1109,12920180.0,8,3,8,14.0,512,0,1,3,3,0,0,0
1110,4912180.0,4,4,0,14.0,0,1000,0,3,1,0,2,0
1111,10554180.0,8,4,8,13.3,256,0,1,3,3,0,0,0
1112,17107818.0,8,4,0,15.0,128,0,0,3,3,1,16,0
1113,11919180.0,8,4,10,14.0,512,0,1,3,3,0,0,1
1114,9280180.0,8,4,8,14.0,512,0,1,3,3,0,2,0
1115,8006180.0,4,4,7,15.6,0,1000,1,3,1,0,8,0
1116,10190180.0,8,4,10,14.0,256,1000,1,3,0,0,2,0
1117,17834180.0,16,4,8,14.0,512,0,1,3,3,0,11,0
1118,30029818.0,16,4,10,13.3,512,0,1,3,3,1,15,0
1119,27298180.0,16,4,8,15.6,512,0,1,3,3,0,9,1
1120,6004180.0,4,4,10,14.0,512,0,1,3,3,0,8,0
1121,11282180.0,8,4,8,14.0,0,1000,1,3,1,1,6,0
1122,54234180.0,32,4,8,15.6,0,1000,1,3,1,0,17,1
1123,17416490.0,8,4,8,13.3,1000,1000,1,3,0,0,8,0
1124,17997980.0,8,4,8,15.6,512,0,1,3,3,0,8,1
1125,34578180.0,16,4,8,17.3,128,1000,1,3,0,0,17,1
1126,7025018.0,4,3,0,10.0,512,1000,1,3,0,1,16,0
1127,11282180.0,8,4,8,14.0,0,1000,1,3,1,1,6,0
1128,27117818.0,8,3,8,13.3,256,0,1,2,3,0,6,0
1129,32758180.0,16,4,9,15.6,512,1000,1,3,0,0,6,1
1130,7025018.0,4,3,0,10.0,128,0,1,3,3,1,16,0
1131,13648180.0,8,4,0,15.6,512,0,0,3,3,0,4,1
1132,35471800.0,16,4,10,13.0,1000,0,1,2,3,0,1,0
1133,12738180.0,8,4,9,15.6,512,0,1,3,3,0,4,1
1134,18198180.0,8,4,8,15.6,0,2000,1,3,1,0,0,1
1135,7279818.0,4,4,0,14.0,0,1000,0,3,1,0,0,0
1136,14424774.0,8,4,7,15.6,0,1000,1,0,1,0,9,1
1137,13830180.0,8,3,8,13.3,512,0,1,3,3,0,2,0
1138,14558180.0,8,4,10,14.0,512,0,1,3,3,0,9,1
1139,13284180.0,8,3,7,13.3,256,0,1,3,3,0,0,0
1140,34578180.0,16,4,8,17.3,512,1000,1,3,0,0,17,1
1141,7431242.0,4,4,10,15.6,0,1000,1,3,1,0,0,0
1142,14348334.0,8,4,8,15.6,512,0,1,3,3,0,4,1
1143,17015180.0,8,4,9,15.6,512,0,1,3,3,0,4,1
1144,19927180.0,16,4,10,14.0,512,0,1,3,3,0,9,1
1145,24750180.0,8,3,8,12.0,256,0,1,3,3,1,16,0
1146,3820180.0,4,4,0,14.0,128,0,0,3,3,0,8,0
1147,17834180.0,8,4,9,15.6,256,2000,1,3,0,0,0,1
1148,17288180.0,8,4,8,13.3,512,0,1,3,3,1,8,0
1149,18198180.0,16,4,10,13.3,1000,0,1,3,3,0,2,0
1150,41858180.0,16,3,7,12.0,512,0,1,2,3,0,1,1
